[
{
    "fields": {
      "date_joined": "2022-01-01T00:00:00+00:00",
      "email": "donny@localhost.localdomain",
      "first_name": "Donny",
      "is_active": true,
      "is_staff": true,
      "is_superuser": true,
      "last_login": "2022-01-01T00:00:00+00:00",
      "last_name": "Doe",
      "password": "pbkdf2_sha256$10000$z0MBiWn0Rlem$iZdC6uHomlE07qGK/TqfcfxNzKJtFp03c0JILF1frRc=",
      "username": "donny"
    },
    "model": "auth.User", "pk": 2
},
{
    "fields": {
      "date_joined": "2022-01-01T00:00:00+00:00",
      "email": "steve@localhost.localdomain",
      "first_name": "Steve",
      "is_active": true,
      "is_staff": false,
      "is_superuser": false,
      "last_login": "2022-01-01T00:00:00+00:00",
      "last_name": "",
      "password": "pbkdf2_sha256$10000$z0MBiWn0Rlem$iZdC6uHomlE07qGK/TqfcfxNzKJtFp03c0JILF1frRc=",
      "username": "steve"
    },
    "model": "auth.User", "pk": 3
},
{
    "fields": {
      "date_joined": "2022-01-01T00:00:00+00:00",
      "email": "alice@localhost.localdomain",
      "first_name": "Alice",
      "is_active": true,
      "is_staff": false,
      "is_superuser": false,
      "last_login": "2022-01-01T00:00:00+00:00",
      "last_name": "",
      "password": "pbkdf2_sha256$10000$z0MBiWn0Rlem$iZdC6uHomlE07qGK/TqfcfxNzKJtFp03c0JILF1frRc=",
      "username": "alice"
    },
    "model": "auth.User", "pk": 4
},
{
    "fields": {
      "slug": "tspproject",
      "full_name": "TSP"
    },
    "model": "testsite.Account", "pk": 2
},
{
    "fields": {
      "slug": "energy-utility",
      "full_name": "Energy Utility"
    },
    "model": "testsite.Account", "pk": 4
},
{
    "fields": {
      "slug": "supplier-1",
      "full_name": "Supplier 1"
    },
    "model": "testsite.Account", "pk": 6
},
{
    "fields": {
      "slug": "water-utility",
      "full_name": "Water Utility"
    },
    "model": "testsite.Account", "pk": 7
},
{
  "fields": {
    "slug": "alliance",
    "full_name": "Alliance"
  },
  "model": "testsite.Account", "pk": 8
},
{
  "fields" : {
    "slug": "main-factory",
    "full_name": "Main Factory"
  },
  "model" : "testsite.account", "pk" : 9
},
{
    "fields": {
      "slug": "dummy2",
      "full_name": "Dummy2"
    },
    "model": "testsite.Account", "pk": 10
},
{
    "fields": {
      "slug": "dummy3",
      "full_name": "Dummy3"
    },
    "model": "testsite.Account", "pk": 11
},
{
    "fields": {
      "slug": "dummy4",
      "full_name": "Dummy4"
    },
    "model": "testsite.Account", "pk": 12
},

{
  "fields" : {
    "slug" : "sustainability",
    "title" : "Test Campaign",
    "description" : "This is an example survey to test the app",
    "created_at": "2022-01-01T00:00:00+00:00",
    "account" : 2,
    "active": true
  },
  "model" : "survey.campaign", "pk" : 1
},
{ "fields": {
    "slug": "sentiment",
    "title": "Sentiment",
    "system": 3
  },
  "model" : "survey.unit", "pk" : 1
},
{ "fields": {
    "unit": 1,
    "rank": 1,
    "text": "Somewhat"
  },
  "model" : "survey.choice", "pk" : 1
},
{ "fields": {
    "unit": 1,
    "rank": 2,
    "text": "Yes"
  },
  "model" : "survey.choice", "pk" : 2
},
{ "fields": {
    "unit": 1,
    "rank": 3,
    "text": "Awesome"
  },
  "model" : "survey.choice", "pk" : 3
},
{ "fields": {
    "slug": "features",
    "title": "Features",
    "system": 3
  },
  "model" : "survey.unit", "pk" : 2
},
{ "fields": {
    "unit": 2,
    "rank": 4,
    "text": "Radio"
  },
  "model" : "survey.choice", "pk" : 4
},
{ "fields": {
    "unit": 2,
    "rank": 5,
    "text": "Select Multiple"
  },
  "model" : "survey.choice", "pk" : 5
},
{ "fields": {
    "unit": 2,
    "rank": 6,
    "text": "Free form text"
  },
  "model" : "survey.choice", "pk" : 6
},
{ "fields": {
    "unit": 2,
    "rank": 7,
    "text": "Integer"
  },
  "model" : "survey.choice", "pk" : 7
},
{ "fields": {
    "slug": "rating",
    "title": "Rating",
    "system": 2
  },
  "model" : "survey.unit", "pk" : 3
},
{ "fields": {
    "slug": "freetext",
    "title": "Free Text",
    "system": 4
  },
  "model" : "survey.unit", "pk" : 4
},
{ "fields": {
    "slug": "tons",
    "title": "Metric Tons",
    "system": 0
  },
  "model" : "survey.unit", "pk": 6
},
{
  "fields" : {
      "title": "Do you like the djaodjin-survey app...",
      "text" : "Do you like the djaodjin-survey app..."
  },
  "model" : "survey.content", "pk" : 1
},
{
  "fields" : {
      "path": "/q1",
      "ui_hint" : "radio",
      "content": 1,
      "default_unit": 1
  },
  "model" : "survey.question", "pk" : 1
},
{
  "fields": {
    "campaign": 1,
    "question": 1,
    "rank": 1
  },
  "model": "survey.EnumeratedQuestions", "pk": 1
},
{
  "fields" : {
      "title": "Which feature of the app do you use...",
      "text" : "Which feature of the app do you use..."
  },
  "model" : "survey.content", "pk" : 2
},
{
  "fields" : {
      "path": "/q2",
      "ui_hint" : "checkbox",
      "content": 2,
      "default_unit": 2
  },
  "model" : "survey.question", "pk" : 2
},
{
  "fields": {
    "campaign": 1,
    "question": 2,
    "rank": 2
  },
  "model": "survey.EnumeratedQuestions", "pk": 2
},
{
  "fields" : {
      "title": "Rate this app from 1 to 10...",
      "text" : "Rate this app from 1 to 10..."
  },
  "model" : "survey.content", "pk" : 3
},
{
  "fields" : {
      "path": "/q3",
      "ui_hint" : "integer",
      "content": 3,
      "default_unit": 3
  },
  "model" : "survey.question", "pk" : 3
},
{
  "fields": {
    "campaign": 1,
    "question": 3,
    "rank": 3
  },
  "model": "survey.EnumeratedQuestions", "pk": 3
},
{
  "fields" : {
      "title": "GHG Emissions Scope1",
      "text" : "GHG Emissions Scope1 ..."
  },
  "model" : "survey.content", "pk" : 4
},
{
  "fields" : {
    "path": "/sustainability/data-measured/ghg-emissions-measured/ghg-emissions-totals/ghg-emissions-scope1",
    "ui_hint" : "number",
    "content": 4,
    "default_unit": 4
  },
  "model" : "survey.question", "pk" : 4
},
{
  "fields": {
    "campaign": 1,
    "question": 4,
    "rank": 4
  },
  "model": "survey.EnumeratedQuestions", "pk": 4
},

{
  "fields": {
    "slug": "dda134c8b4da487da9169e771794deed",
    "created_at": "2022-12-31T00:00:00+00:00",
    "updated_at": "2022-12-31T00:00:00+00:00",
    "campaign": 1,
    "account": 6,
    "is_frozen": true
  },
  "model": "survey.sample", "pk": 1
},
{
  "fields": {
    "created_at": "2022-12-31T00:00:00+00:00",
    "sample": 1,
    "question": 1,
    "collected_by": 3,
    "unit": 1,
    "measured": 2
  },
  "model": "survey.answer", "pk": 1
},
{
  "fields": {
    "created_at": "2022-12-31T00:00:00+00:00",
    "sample": 1,
    "question": 2,
    "collected_by": 3,
    "unit": 2,
    "measured": 4
  },
  "model": "survey.answer", "pk": 2
},
{
  "fields": {
    "created_at": "2022-12-31T00:00:00+00:00",
    "sample": 1,
    "question": 3,
    "collected_by": 3,
    "unit": 3,
    "measured": 1
  },
  "model": "survey.answer", "pk": 3
},
{ "fields": {
    "unit": 4,
    "rank": 0,
    "text": "some text comment."
  },
  "model" : "survey.choice", "pk" : 8
},
{
  "fields": {
    "created_at": "2022-12-31T00:00:00+00:00",
    "sample": 1,
    "question": 4,
    "collected_by": 3,
    "unit": 4,
    "measured": 8
  },
  "model": "survey.answer", "pk": 4
},

{
  "fields": {
    "grantee": 4,
    "account": 6,
    "campaign": 1,
    "ends_at": "2023-01-01T00:00:00+00:00"
  },
  "model": "survey.Portfolio", "pk": 1
},
{
  "fields": {
    "grantee": 4,
    "account": 6,
    "state": 1,
    "initiated_by": 2,
    "created_at": "2022-01-01T00:00:00+00:00",
    "ends_at": "2023-01-01T00:00:00+00:00"
  },
  "model": "survey.PortfolioDoubleOptIn", "pk": 1
},
{
  "fields": {
    "grantee": 4,
    "account": 6,
    "state": 0,
    "initiated_by": 2,
    "verification_key": "0000000000000000000000000000000000000001",
    "created_at": "2022-01-01T00:00:00+00:00",
    "ends_at": "2023-01-01T00:00:00+00:00"
  },
  "model": "survey.PortfolioDoubleOptIn", "pk": 2
},
{
  "fields": {
    "grantee": 7,
    "account": 6,
    "state": 8,
    "initiated_by": 3,
    "verification_key": "0000000000000000000000000000000000000002",
    "created_at": "2022-01-01T00:00:00+00:00",
    "ends_at": "2023-01-01T00:00:00+00:00"
  },
  "model": "survey.PortfolioDoubleOptIn", "pk": 3
},
{
  "fields": {
    "slug": "totals",
    "title": "Total score",
    "extra": "{\"tags\": [\"metric\"]}"
  },
  "model": "survey.editablefilter", "pk": 1
},
{
  "fields": {
    "slug": "boxes-and-enclosures",
    "title": "Boxes & enclosures",
    "extra": "{\"tags\": [\"cohort\"]}"
  },
  "model": "survey.editablefilter", "pk": 13
},
{
  "fields": {
    "rank": 0,
    "editable_filter": 13,
    "operator": "startswith",
    "operand": "/metal/boxes-and-enclosures",
    "field": "extra",
    "selector": "keepmatching"
  },
  "model": "survey.editablepredicate", "pk": 13
},
{
  "fields": {
    "slug": "suppliers",
    "title": "Energy utility suppliers",
    "account": 4
  },
  "model": "survey.editablefilter", "pk": 14
},
{
  "fields": {
    "slug": "ghg-emissions",
    "title": "GHG Emissions",
    "account": 6,
    "extra": "{\"path\":\"/sustainability/data-measured/ghg-emissions-measured/ghg-emissions-totals/ghg-emissions-scope1\"}"
  },
  "model": "survey.editablefilter", "pk": 15
},
{
  "fields": {
    "editable_filter": 15,
    "account": 9,
    "rank": 1
  },
  "model": "survey.EditableFilterEnumeratedAccounts", "pk": 1
}]
